,Date,Buy Now Price,Sell Now Price,Player
0,4/22,284000,270949,Mike Trout
1,4/21,291499,277104,Mike Trout
2,4/20,290000,279699,Mike Trout
3,4/19,291999,281006,Mike Trout
4,4/18,298800,281000,Mike Trout
5,4/17,284925,274052,Mike Trout
6,4/16,294248,273000,Mike Trout
7,4/15,279498,270000,Mike Trout
8,4/14,275000,263501,Mike Trout
9,4/13,283989,262000,Mike Trout
10,4/12,261500,250002,Mike Trout
11,4/11,254998,240000,Mike Trout
12,4/10,247850,235100,Mike Trout
13,4/09,259999,250000,Mike Trout
14,4/08,254750,241001,Mike Trout
15,4/07,247500,243093,Mike Trout
16,4/06,252895,240000,Mike Trout
17,4/05,250000,239001,Mike Trout
18,4/04,243554,233805,Mike Trout
19,4/03,257777,232000,Mike Trout
20,4/02,246500,234000,Mike Trout
21,4/01,241990,223000,Mike Trout
22,3/31,235994,221000,Mike Trout
23,3/30,233331,225501,Mike Trout
24,3/29,249500,229765,Mike Trout
25,3/28,239398,222000,Mike Trout
26,3/27,229450,218503,Mike Trout
27,3/26,235000,215006,Mike Trout
28,3/25,220000,215000,Mike Trout
29,3/24,228000,208000,Mike Trout
30,3/23,232995,212000,Mike Trout
31,3/22,229227,220000,Mike Trout
32,3/21,239999,222058,Mike Trout
33,3/20,214845,205007,Mike Trout
34,3/19,217500,202540,Mike Trout
35,3/18,219000,212000,Mike Trout
0,4/22,94494,89250,Max Scherzer
1,4/21,97977,91618,Max Scherzer
2,4/20,98740,95000,Max Scherzer
3,4/19,102490,94450,Max Scherzer
4,4/18,99450,93250,Max Scherzer
5,4/17,96198,86000,Max Scherzer
6,4/16,104749,92559,Max Scherzer
7,4/15,97000,90200,Max Scherzer
8,4/14,88000,87506,Max Scherzer
9,4/13,86250,82305,Max Scherzer
10,4/12,89990,83950,Max Scherzer
11,4/11,93997,81501,Max Scherzer
12,4/10,84580,75608,Max Scherzer
13,4/09,86999,82000,Max Scherzer
14,4/08,81500,75601,Max Scherzer
15,4/07,84975,76001,Max Scherzer
16,4/06,81999,75500,Max Scherzer
17,4/05,86550,78250,Max Scherzer
18,4/04,82470,77510,Max Scherzer
19,4/03,77745,74111,Max Scherzer
20,4/02,74000,71102,Max Scherzer
21,4/01,83971,76600,Max Scherzer
22,3/31,84999,79222,Max Scherzer
23,3/30,80348,74600,Max Scherzer
24,3/29,89395,79001,Max Scherzer
25,3/28,86295,76100,Max Scherzer
26,3/27,68000,65152,Max Scherzer
27,3/26,77000,67225,Max Scherzer
28,3/25,74350,70000,Max Scherzer
29,3/24,77250,72500,Max Scherzer
30,3/23,71750,68000,Max Scherzer
31,3/22,71498,66105,Max Scherzer
32,3/21,71998,68500,Max Scherzer
33,3/20,68488,60300,Max Scherzer
34,3/19,65500,57000,Max Scherzer
35,3/18,60999,53200,Max Scherzer
0,4/22,83995,75650,Jacob deGrom
1,4/21,84000,79000,Jacob deGrom
2,4/20,82000,78001,Jacob deGrom
3,4/19,77995,74303,Jacob deGrom
4,4/18,81798,76155,Jacob deGrom
5,4/17,81895,74562,Jacob deGrom
6,4/16,83000,81000,Jacob deGrom
7,4/15,76105,70505,Jacob deGrom
8,4/14,74500,69013,Jacob deGrom
9,4/13,73645,68550,Jacob deGrom
10,4/12,73499,70000,Jacob deGrom
11,4/11,74994,67751,Jacob deGrom
12,4/10,68949,62002,Jacob deGrom
13,4/09,73000,66668,Jacob deGrom
14,4/08,68888,62300,Jacob deGrom
15,4/07,67750,65000,Jacob deGrom
16,4/06,68450,63792,Jacob deGrom
17,4/05,71200,68000,Jacob deGrom
18,4/04,69044,63500,Jacob deGrom
19,4/03,66995,63654,Jacob deGrom
20,4/02,67499,62229,Jacob deGrom
21,4/01,65640,60500,Jacob deGrom
22,3/31,68900,60148,Jacob deGrom
23,3/30,64999,61901,Jacob deGrom
24,3/29,72000,63205,Jacob deGrom
25,3/28,70990,60516,Jacob deGrom
26,3/27,65750,57195,Jacob deGrom
27,3/26,62497,57333,Jacob deGrom
28,3/25,63990,58200,Jacob deGrom
29,3/24,60496,56000,Jacob deGrom
30,3/23,58799,54900,Jacob deGrom
31,3/22,61200,57001,Jacob deGrom
32,3/21,72500,63050,Jacob deGrom
33,3/20,59639,54051,Jacob deGrom
34,3/19,57995,51900,Jacob deGrom
35,3/18,57200,50802,Jacob deGrom
0,4/22,109500,102525,Nolan Arenado
1,4/21,113495,110000,Nolan Arenado
2,4/20,119899,111111,Nolan Arenado
3,4/19,117999,111001,Nolan Arenado
4,4/18,118450,110050,Nolan Arenado
5,4/17,113500,103010,Nolan Arenado
6,4/16,116500,108001,Nolan Arenado
7,4/15,102300,97928,Nolan Arenado
8,4/14,108995,103000,Nolan Arenado
9,4/13,107000,101000,Nolan Arenado
10,4/12,102496,98502,Nolan Arenado
11,4/11,109998,103001,Nolan Arenado
12,4/10,96875,91000,Nolan Arenado
13,4/09,106740,97000,Nolan Arenado
14,4/08,100000,94250,Nolan Arenado
15,4/07,97725,91251,Nolan Arenado
16,4/06,94698,88000,Nolan Arenado
17,4/05,95999,93250,Nolan Arenado
18,4/04,97679,90016,Nolan Arenado
19,4/03,97500,91100,Nolan Arenado
20,4/02,98499,92250,Nolan Arenado
21,4/01,94886,89500,Nolan Arenado
22,3/31,96660,92001,Nolan Arenado
23,3/30,89999,87000,Nolan Arenado
24,3/29,92999,85100,Nolan Arenado
25,3/28,90750,83130,Nolan Arenado
26,3/27,85399,80001,Nolan Arenado
27,3/26,87099,80069,Nolan Arenado
28,3/25,83332,78500,Nolan Arenado
29,3/24,86998,81500,Nolan Arenado
30,3/23,84200,76111,Nolan Arenado
31,3/22,80000,77275,Nolan Arenado
32,3/21,91444,78506,Nolan Arenado
33,3/20,82225,74500,Nolan Arenado
34,3/19,86975,77360,Nolan Arenado
35,3/18,83600,75002,Nolan Arenado
0,4/22,124995,118006,Gerrit Cole
1,4/21,132999,130000,Gerrit Cole
2,4/20,133899,125000,Gerrit Cole
3,4/19,135799,124501,Gerrit Cole
4,4/18,131870,124005,Gerrit Cole
5,4/17,139000,127001,Gerrit Cole
6,4/16,131962,124450,Gerrit Cole
7,4/15,130244,122250,Gerrit Cole
8,4/14,125650,118021,Gerrit Cole
9,4/13,120000,115600,Gerrit Cole
10,4/12,115300,110000,Gerrit Cole
11,4/11,111110,108000,Gerrit Cole
12,4/10,111079,106999,Gerrit Cole
13,4/09,109999,107000,Gerrit Cole
14,4/08,108889,106250,Gerrit Cole
15,4/07,104999,99000,Gerrit Cole
16,4/06,107695,100005,Gerrit Cole
17,4/05,112500,104000,Gerrit Cole
18,4/04,106999,100269,Gerrit Cole
19,4/03,106778,99502,Gerrit Cole
20,4/02,107986,100001,Gerrit Cole
21,4/01,95555,92113,Gerrit Cole
22,3/31,102000,98100,Gerrit Cole
23,3/30,99444,94001,Gerrit Cole
24,3/29,98500,96000,Gerrit Cole
25,3/28,100000,94105,Gerrit Cole
26,3/27,95996,90701,Gerrit Cole
27,3/26,95554,88888,Gerrit Cole
28,3/25,92500,85106,Gerrit Cole
29,3/24,89500,82100,Gerrit Cole
30,3/23,86998,83322,Gerrit Cole
31,3/22,102500,87726,Gerrit Cole
32,3/21,90556,79500,Gerrit Cole
33,3/20,84000,75500,Gerrit Cole
34,3/19,79899,75125,Gerrit Cole
35,3/18,79000,74013,Gerrit Cole
0,4/22,70500,68903,Justin Verlander
1,4/21,77049,69506,Justin Verlander
2,4/20,74900,67501,Justin Verlander
3,4/19,73999,69869,Justin Verlander
4,4/18,76500,72000,Justin Verlander
5,4/17,73995,70001,Justin Verlander
6,4/16,79450,69072,Justin Verlander
7,4/15,71240,64305,Justin Verlander
8,4/14,69970,65451,Justin Verlander
9,4/13,67269,60715,Justin Verlander
10,4/12,64500,62025,Justin Verlander
11,4/11,54989,54527,Justin Verlander
12,4/10,55554,50112,Justin Verlander
13,4/09,61990,55780,Justin Verlander
14,4/08,58000,50503,Justin Verlander
15,4/07,54990,50501,Justin Verlander
16,4/06,59499,52223,Justin Verlander
17,4/05,54500,50970,Justin Verlander
18,4/04,57775,52061,Justin Verlander
19,4/03,52222,46412,Justin Verlander
20,4/02,57500,51001,Justin Verlander
21,4/01,53939,49222,Justin Verlander
22,3/31,43999,42222,Justin Verlander
23,3/30,52169,45300,Justin Verlander
24,3/29,57389,49976,Justin Verlander
25,3/28,43800,41250,Justin Verlander
26,3/27,44999,41000,Justin Verlander
27,3/26,44000,37080,Justin Verlander
28,3/25,41220,39101,Justin Verlander
29,3/24,40999,38008,Justin Verlander
30,3/23,41248,35256,Justin Verlander
31,3/22,45725,38300,Justin Verlander
32,3/21,41500,37400,Justin Verlander
33,3/20,39496,33336,Justin Verlander
34,3/19,37999,34030,Justin Verlander
35,3/18,34000,30705,Justin Verlander
0,4/22,127400,121255,Cody Bellinger
1,4/21,143480,128129,Cody Bellinger
2,4/20,138000,129656,Cody Bellinger
3,4/19,145350,136366,Cody Bellinger
4,4/18,152000,130500,Cody Bellinger
5,4/17,136980,127525,Cody Bellinger
6,4/16,143000,138800,Cody Bellinger
7,4/15,127499,123008,Cody Bellinger
8,4/14,128800,122300,Cody Bellinger
9,4/13,126099,120226,Cody Bellinger
10,4/12,124279,117200,Cody Bellinger
11,4/11,116000,108511,Cody Bellinger
12,4/10,114994,110001,Cody Bellinger
13,4/09,118499,114500,Cody Bellinger
14,4/08,117854,107369,Cody Bellinger
15,4/07,117500,106000,Cody Bellinger
16,4/06,117999,110510,Cody Bellinger
17,4/05,116900,109125,Cody Bellinger
18,4/04,115750,102700,Cody Bellinger
19,4/03,112000,109000,Cody Bellinger
20,4/02,116743,104101,Cody Bellinger
21,4/01,107995,99999,Cody Bellinger
22,3/31,119950,110000,Cody Bellinger
23,3/30,120000,110595,Cody Bellinger
24,3/29,117982,108000,Cody Bellinger
25,3/28,116499,105000,Cody Bellinger
26,3/27,112500,101900,Cody Bellinger
27,3/26,110495,103600,Cody Bellinger
28,3/25,111777,107000,Cody Bellinger
29,3/24,108000,103600,Cody Bellinger
30,3/23,118900,104000,Cody Bellinger
31,3/22,118998,106000,Cody Bellinger
32,3/21,129900,122250,Cody Bellinger
33,3/20,114443,107000,Cody Bellinger
34,3/19,109499,100000,Cody Bellinger
35,3/18,104989,99727,Cody Bellinger
0,4/22,20174,18005,Mookie Betts
1,4/21,22838,20050,Mookie Betts
2,4/20,23500,20900,Mookie Betts
3,4/19,24400,22669,Mookie Betts
4,4/18,25851,22710,Mookie Betts
5,4/17,25793,22231,Mookie Betts
6,4/16,26999,24408,Mookie Betts
7,4/15,24000,21700,Mookie Betts
8,4/14,26498,23002,Mookie Betts
9,4/13,27249,24502,Mookie Betts
10,4/12,25998,23000,Mookie Betts
11,4/11,23800,21175,Mookie Betts
12,4/10,24999,23505,Mookie Betts
13,4/09,28225,26060,Mookie Betts
14,4/08,29150,27300,Mookie Betts
15,4/07,28891,26651,Mookie Betts
16,4/06,31000,28200,Mookie Betts
17,4/05,31295,28610,Mookie Betts
18,4/04,30548,27500,Mookie Betts
19,4/03,31499,27810,Mookie Betts
20,4/02,30749,27358,Mookie Betts
21,4/01,31585,30003,Mookie Betts
22,3/31,31999,27250,Mookie Betts
23,3/30,30444,26555,Mookie Betts
24,3/29,33999,30100,Mookie Betts
25,3/28,34492,31150,Mookie Betts
26,3/27,36450,35255,Mookie Betts
27,3/26,36499,32803,Mookie Betts
28,3/25,36400,33007,Mookie Betts
29,3/24,38870,35105,Mookie Betts
30,3/23,38999,36009,Mookie Betts
31,3/22,40099,36501,Mookie Betts
32,3/21,37764,34370,Mookie Betts
33,3/20,41400,37615,Mookie Betts
34,3/19,41169,37700,Mookie Betts
35,3/18,39999,36255,Mookie Betts
0,4/22,32428,29102,Ronald Acuna Jr
1,4/21,37000,33653,Ronald Acuna Jr
2,4/20,36500,33720,Ronald Acuna Jr
3,4/19,37987,35001,Ronald Acuna Jr
4,4/18,36385,32155,Ronald Acuna Jr
5,4/17,36950,34502,Ronald Acuna Jr
6,4/16,38687,35200,Ronald Acuna Jr
7,4/15,37000,33800,Ronald Acuna Jr
8,4/14,39898,37000,Ronald Acuna Jr
9,4/13,40094,36701,Ronald Acuna Jr
10,4/12,38493,35417,Ronald Acuna Jr
11,4/11,37250,34100,Ronald Acuna Jr
12,4/10,39000,36200,Ronald Acuna Jr
13,4/09,42995,40250,Ronald Acuna Jr
14,4/08,42350,39501,Ronald Acuna Jr
15,4/07,40000,36431,Ronald Acuna Jr
16,4/06,43500,41200,Ronald Acuna Jr
17,4/05,44988,42000,Ronald Acuna Jr
18,4/04,42196,38407,Ronald Acuna Jr
19,4/03,43499,39610,Ronald Acuna Jr
20,4/02,42978,39006,Ronald Acuna Jr
21,4/01,44333,42001,Ronald Acuna Jr
22,3/31,46850,45001,Ronald Acuna Jr
23,3/30,48399,43508,Ronald Acuna Jr
24,3/29,48108,43379,Ronald Acuna Jr
25,3/28,46700,42751,Ronald Acuna Jr
26,3/27,53000,48800,Ronald Acuna Jr
27,3/26,46750,45336,Ronald Acuna Jr
28,3/25,48825,44100,Ronald Acuna Jr
29,3/24,50250,45005,Ronald Acuna Jr
30,3/23,49000,46300,Ronald Acuna Jr
31,3/22,51480,46626,Ronald Acuna Jr
32,3/21,51110,47100,Ronald Acuna Jr
33,3/20,51375,50000,Ronald Acuna Jr
34,3/19,53175,48500,Ronald Acuna Jr
35,3/18,52999,49000,Ronald Acuna Jr
0,4/22,48650,47000,Christian Yelich
1,4/21,56395,52251,Christian Yelich
2,4/20,55997,53251,Christian Yelich
3,4/19,58988,53565,Christian Yelich
4,4/18,58966,53050,Christian Yelich
5,4/17,55530,51551,Christian Yelich
6,4/16,55999,52810,Christian Yelich
7,4/15,55850,52002,Christian Yelich
8,4/14,59978,54808,Christian Yelich
9,4/13,57500,54200,Christian Yelich
10,4/12,53800,51004,Christian Yelich
11,4/11,51489,49004,Christian Yelich
12,4/10,53850,49500,Christian Yelich
13,4/09,56750,52500,Christian Yelich
14,4/08,55549,50900,Christian Yelich
15,4/07,57000,54005,Christian Yelich
16,4/06,56949,54000,Christian Yelich
17,4/05,58992,54111,Christian Yelich
18,4/04,55590,48929,Christian Yelich
19,4/03,59400,54999,Christian Yelich
20,4/02,58898,51024,Christian Yelich
21,4/01,57985,54000,Christian Yelich
22,3/31,57800,52000,Christian Yelich
23,3/30,58500,55691,Christian Yelich
24,3/29,58495,53501,Christian Yelich
25,3/28,57950,52250,Christian Yelich
26,3/27,55397,52000,Christian Yelich
27,3/26,57924,53710,Christian Yelich
28,3/25,55000,49900,Christian Yelich
29,3/24,58000,54010,Christian Yelich
30,3/23,59832,55500,Christian Yelich
31,3/22,59696,55000,Christian Yelich
32,3/21,63999,57600,Christian Yelich
33,3/20,57500,53311,Christian Yelich
34,3/19,58665,53200,Christian Yelich
35,3/18,61500,59000,Christian Yelich
0,4/22,15555,13455,Anthony Rendon
1,4/21,18285,15900,Anthony Rendon
2,4/20,17899,17545,Anthony Rendon
3,4/19,18638,16302,Anthony Rendon
4,4/18,17995,15730,Anthony Rendon
5,4/17,19200,17350,Anthony Rendon
6,4/16,19084,17000,Anthony Rendon
7,4/15,17800,15527,Anthony Rendon
8,4/14,22522,20009,Anthony Rendon
9,4/13,24500,22010,Anthony Rendon
10,4/12,21300,18675,Anthony Rendon
11,4/11,21288,18505,Anthony Rendon
12,4/10,21479,18200,Anthony Rendon
13,4/09,24700,23802,Anthony Rendon
14,4/08,23800,21670,Anthony Rendon
15,4/07,23300,22001,Anthony Rendon
16,4/06,26254,22656,Anthony Rendon
17,4/05,26389,24380,Anthony Rendon
18,4/04,24364,21012,Anthony Rendon
19,4/03,24999,22501,Anthony Rendon
20,4/02,25000,22040,Anthony Rendon
21,4/01,24550,22500,Anthony Rendon
22,3/31,26698,24269,Anthony Rendon
23,3/30,26776,23830,Anthony Rendon
24,3/29,28649,25100,Anthony Rendon
25,3/28,25000,24501,Anthony Rendon
26,3/27,28999,25999,Anthony Rendon
27,3/26,28948,26001,Anthony Rendon
28,3/25,28890,25350,Anthony Rendon
29,3/24,29999,26805,Anthony Rendon
30,3/23,29879,27125,Anthony Rendon
31,3/22,29500,27500,Anthony Rendon
32,3/21,30250,27250,Anthony Rendon
33,3/20,32207,28155,Anthony Rendon
34,3/19,30999,27605,Anthony Rendon
35,3/18,33150,30100,Anthony Rendon
0,4/22,25799,23502,Chris Sale
1,4/21,29869,27040,Chris Sale
2,4/20,28899,26102,Chris Sale
3,4/19,29975,27680,Chris Sale
4,4/18,27998,25084,Chris Sale
5,4/17,28266,24613,Chris Sale
6,4/16,29250,26500,Chris Sale
7,4/15,26965,24000,Chris Sale
8,4/14,28119,26350,Chris Sale
9,4/13,29990,26700,Chris Sale
10,4/12,26289,23756,Chris Sale
11,4/11,25000,23423,Chris Sale
12,4/10,28000,24001,Chris Sale
13,4/09,29898,26772,Chris Sale
14,4/08,31399,28600,Chris Sale
15,4/07,29200,26555,Chris Sale
16,4/06,30500,29901,Chris Sale
17,4/05,31700,29100,Chris Sale
18,4/04,30345,27300,Chris Sale
19,4/03,28870,26500,Chris Sale
20,4/02,29750,28006,Chris Sale
21,4/01,28998,26800,Chris Sale
22,3/31,29000,24528,Chris Sale
23,3/30,31433,28822,Chris Sale
24,3/29,29775,26600,Chris Sale
25,3/28,27000,26001,Chris Sale
26,3/27,33000,28115,Chris Sale
27,3/26,31299,29002,Chris Sale
28,3/25,31245,28500,Chris Sale
29,3/24,31999,29116,Chris Sale
30,3/23,30500,28510,Chris Sale
31,3/22,32798,29600,Chris Sale
32,3/21,30333,26212,Chris Sale
33,3/20,28375,27000,Chris Sale
34,3/19,28999,26766,Chris Sale
35,3/18,29245,26104,Chris Sale
0,4/22,17990,16408,Aaron Judge
1,4/21,20448,18560,Aaron Judge
2,4/20,21998,21950,Aaron Judge
3,4/19,21197,19300,Aaron Judge
4,4/18,21375,19025,Aaron Judge
5,4/17,21250,19320,Aaron Judge
6,4/16,22899,20000,Aaron Judge
7,4/15,23216,20276,Aaron Judge
8,4/14,23550,22655,Aaron Judge
9,4/13,26895,23600,Aaron Judge
10,4/12,25250,22701,Aaron Judge
11,4/11,22699,20748,Aaron Judge
12,4/10,23499,20600,Aaron Judge
13,4/09,25998,23628,Aaron Judge
14,4/08,25296,23850,Aaron Judge
15,4/07,27744,25000,Aaron Judge
16,4/06,29999,27005,Aaron Judge
17,4/05,31899,28760,Aaron Judge
18,4/04,27440,25250,Aaron Judge
19,4/03,28000,26500,Aaron Judge
20,4/02,28950,25100,Aaron Judge
21,4/01,29299,27000,Aaron Judge
22,3/31,30000,27809,Aaron Judge
23,3/30,31997,29025,Aaron Judge
24,3/29,33185,31750,Aaron Judge
25,3/28,31986,24108,Aaron Judge
26,3/27,34799,30005,Aaron Judge
27,3/26,33270,30451,Aaron Judge
28,3/25,33500,30750,Aaron Judge
29,3/24,37140,33003,Aaron Judge
30,3/23,37875,34888,Aaron Judge
31,3/22,38690,35560,Aaron Judge
32,3/21,42000,38967,Aaron Judge
33,3/20,42982,38000,Aaron Judge
34,3/19,42995,40001,Aaron Judge
35,3/18,43750,37310,Aaron Judge
0,4/22,24200,21860,Josh Hader
1,4/21,26650,23800,Josh Hader
2,4/20,28000,25700,Josh Hader
3,4/19,27989,25105,Josh Hader
4,4/18,24144,22900,Josh Hader
5,4/17,26419,22223,Josh Hader
6,4/16,26993,23151,Josh Hader
7,4/15,25199,23500,Josh Hader
8,4/14,26248,23805,Josh Hader
9,4/13,27050,25181,Josh Hader
10,4/12,23800,22035,Josh Hader
11,4/11,22199,21420,Josh Hader
12,4/10,21000,19125,Josh Hader
13,4/09,24109,22601,Josh Hader
14,4/08,22716,20800,Josh Hader
15,4/07,24933,22001,Josh Hader
16,4/06,24949,22000,Josh Hader
17,4/05,24999,21950,Josh Hader
18,4/04,23332,21150,Josh Hader
19,4/03,26000,23000,Josh Hader
20,4/02,23999,22001,Josh Hader
21,4/01,24644,22105,Josh Hader
22,3/31,25747,23005,Josh Hader
23,3/30,24444,23000,Josh Hader
24,3/29,23950,23021,Josh Hader
25,3/28,24000,21251,Josh Hader
26,3/27,25399,22555,Josh Hader
27,3/26,24995,23112,Josh Hader
28,3/25,25933,23699,Josh Hader
29,3/24,21495,20000,Josh Hader
30,3/23,23450,21151,Josh Hader
31,3/22,24345,22000,Josh Hader
32,3/21,23490,20218,Josh Hader
33,3/20,23800,21688,Josh Hader
34,3/19,22749,20555,Josh Hader
35,3/18,22788,20001,Josh Hader
0,4/22,10211,8902,Stephen Strausburg
1,4/21,9999,9525,Stephen Strausburg
2,4/20,11600,10035,Stephen Strausburg
3,4/19,12257,10220,Stephen Strausburg
4,4/18,10949,9400,Stephen Strausburg
5,4/17,11797,10000,Stephen Strausburg
6,4/16,10350,9642,Stephen Strausburg
7,4/15,10965,9364,Stephen Strausburg
8,4/14,10778,9388,Stephen Strausburg
9,4/13,11750,10431,Stephen Strausburg
10,4/12,11050,9900,Stephen Strausburg
11,4/11,10150,8680,Stephen Strausburg
12,4/10,11850,10215,Stephen Strausburg
13,4/09,14414,12282,Stephen Strausburg
14,4/08,14074,12426,Stephen Strausburg
15,4/07,14950,12905,Stephen Strausburg
16,4/06,15495,13561,Stephen Strausburg
17,4/05,16300,13885,Stephen Strausburg
18,4/04,13898,12500,Stephen Strausburg
19,4/03,13999,12116,Stephen Strausburg
20,4/02,14899,13000,Stephen Strausburg
21,4/01,14350,12805,Stephen Strausburg
22,3/31,15799,13825,Stephen Strausburg
23,3/30,15000,13575,Stephen Strausburg
24,3/29,16245,14455,Stephen Strausburg
25,3/28,14495,13001,Stephen Strausburg
26,3/27,16350,14800,Stephen Strausburg
27,3/26,16329,14060,Stephen Strausburg
28,3/25,17500,14100,Stephen Strausburg
29,3/24,18999,16999,Stephen Strausburg
30,3/23,17400,15775,Stephen Strausburg
31,3/22,16245,15280,Stephen Strausburg
32,3/21,18875,16051,Stephen Strausburg
33,3/20,19890,16995,Stephen Strausburg
34,3/19,19999,17425,Stephen Strausburg
35,3/18,20849,17001,Stephen Strausburg
0,4/22,39333,37020,Francisco Lindor
1,4/21,42500,39100,Francisco Lindor
2,4/20,44500,41150,Francisco Lindor
3,4/19,44098,40001,Francisco Lindor
4,4/18,43199,39001,Francisco Lindor
5,4/17,42850,40215,Francisco Lindor
6,4/16,42490,40155,Francisco Lindor
7,4/15,43000,40201,Francisco Lindor
8,4/14,47450,42143,Francisco Lindor
9,4/13,48910,44730,Francisco Lindor
10,4/12,44220,42002,Francisco Lindor
11,4/11,41698,38625,Francisco Lindor
12,4/10,41149,37523,Francisco Lindor
13,4/09,44000,41523,Francisco Lindor
14,4/08,45000,43000,Francisco Lindor
15,4/07,42499,40008,Francisco Lindor
16,4/06,44725,42501,Francisco Lindor
17,4/05,44499,40502,Francisco Lindor
18,4/04,40450,38300,Francisco Lindor
19,4/03,45000,41507,Francisco Lindor
20,4/02,43000,40051,Francisco Lindor
21,4/01,40969,39350,Francisco Lindor
22,3/31,43145,41700,Francisco Lindor
23,3/30,43725,39101,Francisco Lindor
24,3/29,49045,47800,Francisco Lindor
25,3/28,42995,41012,Francisco Lindor
26,3/27,45650,42550,Francisco Lindor
27,3/26,45399,41000,Francisco Lindor
28,3/25,46174,42050,Francisco Lindor
29,3/24,46244,40111,Francisco Lindor
30,3/23,44950,40420,Francisco Lindor
31,3/22,44500,42000,Francisco Lindor
32,3/21,43399,40701,Francisco Lindor
33,3/20,42799,38349,Francisco Lindor
34,3/19,42350,38888,Francisco Lindor
35,3/18,40995,38550,Francisco Lindor
0,4/22,10200,9135,Alex Bregman
1,4/21,12733,11206,Alex Bregman
2,4/20,13115,11305,Alex Bregman
3,4/19,13784,12222,Alex Bregman
4,4/18,13699,11761,Alex Bregman
5,4/17,12463,11650,Alex Bregman
6,4/16,12500,10741,Alex Bregman
7,4/15,11997,10901,Alex Bregman
8,4/14,14650,12366,Alex Bregman
9,4/13,14465,12977,Alex Bregman
10,4/12,14999,13501,Alex Bregman
11,4/11,12000,10850,Alex Bregman
12,4/10,14250,12501,Alex Bregman
13,4/09,16100,14056,Alex Bregman
14,4/08,16955,14560,Alex Bregman
15,4/07,16774,14648,Alex Bregman
16,4/06,17998,15832,Alex Bregman
17,4/05,17900,15403,Alex Bregman
18,4/04,15556,14570,Alex Bregman
19,4/03,18498,16095,Alex Bregman
20,4/02,15997,14005,Alex Bregman
21,4/01,16750,15550,Alex Bregman
22,3/31,18400,16056,Alex Bregman
23,3/30,18398,16353,Alex Bregman
24,3/29,18999,16853,Alex Bregman
25,3/28,19394,16269,Alex Bregman
26,3/27,18915,16105,Alex Bregman
27,3/26,19293,17969,Alex Bregman
28,3/25,20300,17650,Alex Bregman
29,3/24,20417,17655,Alex Bregman
30,3/23,20508,20084,Alex Bregman
31,3/22,20149,18152,Alex Bregman
32,3/21,20000,18325,Alex Bregman
33,3/20,20990,18750,Alex Bregman
34,3/19,22000,19850,Alex Bregman
35,3/18,21111,18200,Alex Bregman
0,4/22,15498,13881,Freddie Freeman
1,4/21,18085,15767,Freddie Freeman
2,4/20,18200,16999,Freddie Freeman
3,4/19,19440,18000,Freddie Freeman
4,4/18,17325,15013,Freddie Freeman
5,4/17,17420,15045,Freddie Freeman
6,4/16,16990,14775,Freddie Freeman
7,4/15,17326,15025,Freddie Freeman
8,4/14,19229,16889,Freddie Freeman
9,4/13,19500,18404,Freddie Freeman
10,4/12,19553,17100,Freddie Freeman
11,4/11,17243,14841,Freddie Freeman
12,4/10,17475,15260,Freddie Freeman
13,4/09,21214,20000,Freddie Freeman
14,4/08,20993,17844,Freddie Freeman
15,4/07,21335,19002,Freddie Freeman
16,4/06,21600,18855,Freddie Freeman
17,4/05,21000,18224,Freddie Freeman
18,4/04,20430,18255,Freddie Freeman
19,4/03,19750,18000,Freddie Freeman
20,4/02,19415,17600,Freddie Freeman
21,4/01,20219,16780,Freddie Freeman
22,3/31,20950,19700,Freddie Freeman
23,3/30,20500,19326,Freddie Freeman
24,3/29,23798,21009,Freddie Freeman
25,3/28,21300,19999,Freddie Freeman
26,3/27,22300,20050,Freddie Freeman
27,3/26,22800,19907,Freddie Freeman
28,3/25,21964,19852,Freddie Freeman
29,3/24,22950,21111,Freddie Freeman
30,3/23,23500,21000,Freddie Freeman
31,3/22,23100,20710,Freddie Freeman
32,3/21,23250,20618,Freddie Freeman
33,3/20,24420,21792,Freddie Freeman
34,3/19,23999,22000,Freddie Freeman
35,3/18,24871,21115,Freddie Freeman
0,4/22,18865,17330,Kirby Yates
1,4/21,19524,17500,Kirby Yates
2,4/20,21390,19650,Kirby Yates
3,4/19,21999,19615,Kirby Yates
4,4/18,20233,19000,Kirby Yates
5,4/17,21998,18802,Kirby Yates
6,4/16,19499,17700,Kirby Yates
7,4/15,18880,17869,Kirby Yates
8,4/14,20450,19010,Kirby Yates
9,4/13,21000,19074,Kirby Yates
10,4/12,20450,18503,Kirby Yates
11,4/11,17180,16000,Kirby Yates
12,4/10,19846,18000,Kirby Yates
13,4/09,21999,20500,Kirby Yates
14,4/08,20800,18800,Kirby Yates
15,4/07,21000,19707,Kirby Yates
16,4/06,21999,19511,Kirby Yates
17,4/05,22465,20000,Kirby Yates
18,4/04,18500,17690,Kirby Yates
19,4/03,20250,18501,Kirby Yates
20,4/02,19080,18025,Kirby Yates
21,4/01,19000,17050,Kirby Yates
22,3/31,19975,18706,Kirby Yates
23,3/30,20728,17556,Kirby Yates
24,3/29,19521,18056,Kirby Yates
25,3/28,20222,18210,Kirby Yates
26,3/27,20188,17830,Kirby Yates
27,3/26,18425,16875,Kirby Yates
28,3/25,18399,17008,Kirby Yates
29,3/24,20798,18500,Kirby Yates
30,3/23,20220,18526,Kirby Yates
31,3/22,20500,18230,Kirby Yates
32,3/21,20700,18500,Kirby Yates
33,3/20,17983,16751,Kirby Yates
34,3/19,18745,16630,Kirby Yates
35,3/18,19174,18770,Kirby Yates
0,4/22,22999,21000,Ketel Marte
1,4/21,26199,22903,Ketel Marte
2,4/20,25952,25003,Ketel Marte
3,4/19,25200,23262,Ketel Marte
4,4/18,26900,24505,Ketel Marte
5,4/17,25201,25103,Ketel Marte
6,4/16,27999,24750,Ketel Marte
7,4/15,27344,25050,Ketel Marte
8,4/14,28450,27050,Ketel Marte
9,4/13,29999,26808,Ketel Marte
10,4/12,29996,27334,Ketel Marte
11,4/11,25475,23200,Ketel Marte
12,4/10,25995,22415,Ketel Marte
13,4/09,28969,26877,Ketel Marte
14,4/08,31001,28000,Ketel Marte
15,4/07,30999,28502,Ketel Marte
16,4/06,32185,29000,Ketel Marte
17,4/05,33200,31111,Ketel Marte
18,4/04,29000,27250,Ketel Marte
19,4/03,32000,28780,Ketel Marte
20,4/02,30930,27005,Ketel Marte
21,4/01,30000,27505,Ketel Marte
22,3/31,30774,28703,Ketel Marte
23,3/30,32379,30000,Ketel Marte
24,3/29,32999,30200,Ketel Marte
25,3/28,30950,27501,Ketel Marte
26,3/27,31000,29302,Ketel Marte
27,3/26,32988,29250,Ketel Marte
28,3/25,32700,29008,Ketel Marte
29,3/24,31950,29000,Ketel Marte
30,3/23,31390,29300,Ketel Marte
31,3/22,34000,30000,Ketel Marte
32,3/21,32899,29600,Ketel Marte
33,3/20,33948,29600,Ketel Marte
34,3/19,32249,28401,Ketel Marte
35,3/18,33142,29000,Ketel Marte
0,4/22,28330,27110,Javier Baez
1,4/21,29000,27255,Javier Baez
2,4/20,29889,28000,Javier Baez
3,4/19,29393,27100,Javier Baez
4,4/18,30995,28091,Javier Baez
5,4/17,30735,27800,Javier Baez
6,4/16,29989,26166,Javier Baez
7,4/15,27993,26500,Javier Baez
8,4/14,31275,29415,Javier Baez
9,4/13,32649,29001,Javier Baez
10,4/12,30997,28500,Javier Baez
11,4/11,29099,25569,Javier Baez
12,4/10,30000,26678,Javier Baez
13,4/09,31500,29000,Javier Baez
14,4/08,32685,30250,Javier Baez
15,4/07,31658,28508,Javier Baez
16,4/06,31389,28700,Javier Baez
17,4/05,33845,29011,Javier Baez
18,4/04,31419,28000,Javier Baez
19,4/03,32469,28051,Javier Baez
20,4/02,30497,27110,Javier Baez
21,4/01,29250,26937,Javier Baez
22,3/31,30000,27508,Javier Baez
23,3/30,29720,26528,Javier Baez
24,3/29,30224,28075,Javier Baez
25,3/28,28859,26000,Javier Baez
26,3/27,31520,29000,Javier Baez
27,3/26,31750,27050,Javier Baez
28,3/25,29999,25888,Javier Baez
29,3/24,30436,27401,Javier Baez
30,3/23,31999,27500,Javier Baez
31,3/22,29700,28283,Javier Baez
32,3/21,29500,25888,Javier Baez
33,3/20,30190,27600,Javier Baez
34,3/19,31446,27777,Javier Baez
35,3/18,31250,28450,Javier Baez
0,4/22,8697,7678,Walker Buehler
1,4/21,10065,9000,Walker Buehler
2,4/20,10434,9210,Walker Buehler
3,4/19,10535,9100,Walker Buehler
4,4/18,10500,9055,Walker Buehler
5,4/17,10500,9477,Walker Buehler
6,4/16,10997,9600,Walker Buehler
7,4/15,9824,8080,Walker Buehler
8,4/14,10486,9199,Walker Buehler
9,4/13,10923,9775,Walker Buehler
10,4/12,9987,9000,Walker Buehler
11,4/11,10000,8700,Walker Buehler
12,4/10,11100,9705,Walker Buehler
13,4/09,14095,12504,Walker Buehler
14,4/08,14188,13000,Walker Buehler
15,4/07,13450,12807,Walker Buehler
16,4/06,14849,12805,Walker Buehler
17,4/05,14499,12810,Walker Buehler
18,4/04,12999,11850,Walker Buehler
19,4/03,13999,12434,Walker Buehler
20,4/02,14697,12705,Walker Buehler
21,4/01,13996,12460,Walker Buehler
22,3/31,14295,12351,Walker Buehler
23,3/30,15950,13724,Walker Buehler
24,3/29,16000,14120,Walker Buehler
25,3/28,15965,13353,Walker Buehler
26,3/27,16108,14506,Walker Buehler
27,3/26,16496,14327,Walker Buehler
28,3/25,18694,15910,Walker Buehler
29,3/24,17769,16005,Walker Buehler
30,3/23,17000,15302,Walker Buehler
31,3/22,18300,16669,Walker Buehler
32,3/21,19000,16101,Walker Buehler
33,3/20,18099,16200,Walker Buehler
34,3/19,20800,17203,Walker Buehler
35,3/18,18500,15356,Walker Buehler
0,4/22,10144,9002,Pete Alonso
1,4/21,11633,10003,Pete Alonso
2,4/20,11000,9960,Pete Alonso
3,4/19,11944,10377,Pete Alonso
4,4/18,10001,9925,Pete Alonso
5,4/17,11666,10371,Pete Alonso
6,4/16,11999,10601,Pete Alonso
7,4/15,11745,10558,Pete Alonso
8,4/14,13900,11996,Pete Alonso
9,4/13,14390,13010,Pete Alonso
10,4/12,14280,12799,Pete Alonso
11,4/11,13895,11111,Pete Alonso
12,4/10,12750,11576,Pete Alonso
13,4/09,15070,13750,Pete Alonso
14,4/08,15999,14250,Pete Alonso
15,4/07,16920,16449,Pete Alonso
16,4/06,16999,15121,Pete Alonso
17,4/05,17111,15250,Pete Alonso
18,4/04,16999,14768,Pete Alonso
19,4/03,16999,14630,Pete Alonso
20,4/02,17250,15030,Pete Alonso
21,4/01,17109,15751,Pete Alonso
22,3/31,18850,16741,Pete Alonso
23,3/30,18800,16672,Pete Alonso
24,3/29,19885,18110,Pete Alonso
25,3/28,20980,17706,Pete Alonso
26,3/27,21939,20100,Pete Alonso
27,3/26,23140,20500,Pete Alonso
28,3/25,23325,21000,Pete Alonso
29,3/24,24099,21033,Pete Alonso
30,3/23,25330,23500,Pete Alonso
31,3/22,23450,20999,Pete Alonso
32,3/21,24750,21525,Pete Alonso
33,3/20,24395,22222,Pete Alonso
34,3/19,25499,23000,Pete Alonso
35,3/18,25444,21965,Pete Alonso
0,4/22,28394,26308,Alrodis Chapman
1,4/21,31995,29125,Alrodis Chapman
2,4/20,30998,29050,Alrodis Chapman
3,4/19,31111,29260,Alrodis Chapman
4,4/18,31556,29005,Alrodis Chapman
5,4/17,32000,30000,Alrodis Chapman
6,4/16,31400,28150,Alrodis Chapman
7,4/15,30750,27502,Alrodis Chapman
8,4/14,31539,29500,Alrodis Chapman
9,4/13,31500,28920,Alrodis Chapman
10,4/12,32400,29804,Alrodis Chapman
11,4/11,28775,26210,Alrodis Chapman
12,4/10,27997,25004,Alrodis Chapman
13,4/09,30749,28510,Alrodis Chapman
14,4/08,30996,27611,Alrodis Chapman
15,4/07,31999,28700,Alrodis Chapman
16,4/06,30750,28500,Alrodis Chapman
17,4/05,31110,28002,Alrodis Chapman
18,4/04,31777,28504,Alrodis Chapman
19,4/03,33400,30503,Alrodis Chapman
20,4/02,32990,30111,Alrodis Chapman
21,4/01,32899,29103,Alrodis Chapman
22,3/31,32750,30501,Alrodis Chapman
23,3/30,32440,29562,Alrodis Chapman
24,3/29,34395,30001,Alrodis Chapman
25,3/28,30998,28602,Alrodis Chapman
26,3/27,34200,29689,Alrodis Chapman
27,3/26,31400,28751,Alrodis Chapman
28,3/25,29998,28401,Alrodis Chapman
29,3/24,29725,28001,Alrodis Chapman
30,3/23,29998,26888,Alrodis Chapman
31,3/22,29655,26000,Alrodis Chapman
32,3/21,29799,26001,Alrodis Chapman
33,3/20,29980,26050,Alrodis Chapman
34,3/19,28400,26101,Alrodis Chapman
35,3/18,25497,21600,Alrodis Chapman
0,4/22,16635,14701,Charlie Morton
1,4/21,17448,15700,Charlie Morton
2,4/20,18300,16975,Charlie Morton
3,4/19,17720,16461,Charlie Morton
4,4/18,16500,15102,Charlie Morton
5,4/17,17600,15950,Charlie Morton
6,4/16,16111,14501,Charlie Morton
7,4/15,15995,14700,Charlie Morton
8,4/14,18200,16101,Charlie Morton
9,4/13,19000,17086,Charlie Morton
10,4/12,18195,16006,Charlie Morton
11,4/11,15000,13630,Charlie Morton
12,4/10,16240,15200,Charlie Morton
13,4/09,19250,18125,Charlie Morton
14,4/08,16900,15502,Charlie Morton
15,4/07,19249,17352,Charlie Morton
16,4/06,20950,18155,Charlie Morton
17,4/05,18699,17369,Charlie Morton
18,4/04,16900,15782,Charlie Morton
19,4/03,18650,16700,Charlie Morton
20,4/02,17275,15500,Charlie Morton
21,4/01,16355,14710,Charlie Morton
22,3/31,17050,14502,Charlie Morton
23,3/30,16496,15100,Charlie Morton
24,3/29,16499,15015,Charlie Morton
25,3/28,15799,14500,Charlie Morton
26,3/27,16850,15030,Charlie Morton
27,3/26,17685,16001,Charlie Morton
28,3/25,17750,15935,Charlie Morton
29,3/24,16180,14807,Charlie Morton
30,3/23,17000,15563,Charlie Morton
31,3/22,17489,14751,Charlie Morton
32,3/21,15995,14125,Charlie Morton
33,3/20,15700,13515,Charlie Morton
34,3/19,16865,15002,Charlie Morton
35,3/18,14799,12810,Charlie Morton
0,4/22,16194,14400,Jose Ramirez
1,4/21,16553,14802,Jose Ramirez
2,4/20,17440,15903,Jose Ramirez
3,4/19,17780,16333,Jose Ramirez
4,4/18,16744,15350,Jose Ramirez
5,4/17,17199,15500,Jose Ramirez
6,4/16,15666,14500,Jose Ramirez
7,4/15,14248,13350,Jose Ramirez
8,4/14,16499,14910,Jose Ramirez
9,4/13,17275,15803,Jose Ramirez
10,4/12,17000,16000,Jose Ramirez
11,4/11,14899,13600,Jose Ramirez
12,4/10,14905,13225,Jose Ramirez
13,4/09,15989,14651,Jose Ramirez
14,4/08,16325,14505,Jose Ramirez
15,4/07,16289,15200,Jose Ramirez
16,4/06,17939,15912,Jose Ramirez
17,4/05,15580,14606,Jose Ramirez
18,4/04,15744,14000,Jose Ramirez
19,4/03,15290,13005,Jose Ramirez
20,4/02,13198,11904,Jose Ramirez
21,4/01,13395,12501,Jose Ramirez
22,3/31,14339,12302,Jose Ramirez
23,3/30,14980,13311,Jose Ramirez
24,3/29,16500,14600,Jose Ramirez
25,3/28,14389,12300,Jose Ramirez
26,3/27,15600,14100,Jose Ramirez
27,3/26,15397,14515,Jose Ramirez
28,3/25,14000,12367,Jose Ramirez
29,3/24,16244,14109,Jose Ramirez
30,3/23,15555,13825,Jose Ramirez
31,3/22,15600,14550,Jose Ramirez
32,3/21,14060,13901,Jose Ramirez
33,3/20,16118,13615,Jose Ramirez
34,3/19,15750,13952,Jose Ramirez
35,3/18,15345,13800,Jose Ramirez
0,4/22,23900,22200,Matt Chapman
1,4/21,30385,26212,Matt Chapman
2,4/20,27297,24752,Matt Chapman
3,4/19,27700,24072,Matt Chapman
4,4/18,23222,21151,Matt Chapman
5,4/17,25399,22358,Matt Chapman
6,4/16,22444,20081,Matt Chapman
7,4/15,24154,19811,Matt Chapman
8,4/14,26565,25266,Matt Chapman
9,4/13,26499,23503,Matt Chapman
10,4/12,22800,21200,Matt Chapman
11,4/11,22000,21205,Matt Chapman
12,4/10,24850,22400,Matt Chapman
13,4/09,25695,23700,Matt Chapman
14,4/08,23875,21500,Matt Chapman
15,4/07,24123,23001,Matt Chapman
16,4/06,23999,22709,Matt Chapman
17,4/05,24650,22650,Matt Chapman
18,4/04,22980,21800,Matt Chapman
19,4/03,25225,23500,Matt Chapman
20,4/02,25021,21019,Matt Chapman
21,4/01,23755,20784,Matt Chapman
22,3/31,21990,20502,Matt Chapman
23,3/30,22222,20080,Matt Chapman
24,3/29,21000,19978,Matt Chapman
25,3/28,22595,21000,Matt Chapman
26,3/27,22998,20011,Matt Chapman
27,3/26,22980,20001,Matt Chapman
28,3/25,20475,17991,Matt Chapman
29,3/24,23000,20009,Matt Chapman
30,3/23,25000,22000,Matt Chapman
31,3/22,20474,18375,Matt Chapman
32,3/21,20400,18005,Matt Chapman
33,3/20,18995,17005,Matt Chapman
34,3/19,18798,17500,Matt Chapman
35,3/18,18889,17860,Matt Chapman
0,4/22,20678,18250,Jack Flaherty
1,4/21,22300,20500,Jack Flaherty
2,4/20,25000,23500,Jack Flaherty
3,4/19,24469,22223,Jack Flaherty
4,4/18,22779,21306,Jack Flaherty
5,4/17,20240,18250,Jack Flaherty
6,4/16,20059,18902,Jack Flaherty
7,4/15,19722,18101,Jack Flaherty
8,4/14,19999,19114,Jack Flaherty
9,4/13,21999,20607,Jack Flaherty
10,4/12,21450,19809,Jack Flaherty
11,4/11,19150,17000,Jack Flaherty
12,4/10,20250,17997,Jack Flaherty
13,4/09,20644,18820,Jack Flaherty
14,4/08,20864,19070,Jack Flaherty
15,4/07,20199,18886,Jack Flaherty
16,4/06,21100,20251,Jack Flaherty
17,4/05,22411,19750,Jack Flaherty
18,4/04,20000,18006,Jack Flaherty
19,4/03,19898,17229,Jack Flaherty
20,4/02,18999,16500,Jack Flaherty
21,4/01,18000,17005,Jack Flaherty
22,3/31,19750,17204,Jack Flaherty
23,3/30,18950,17453,Jack Flaherty
24,3/29,19799,18250,Jack Flaherty
25,3/28,18249,16810,Jack Flaherty
26,3/27,19500,17500,Jack Flaherty
27,3/26,17999,16114,Jack Flaherty
28,3/25,18200,16755,Jack Flaherty
29,3/24,18483,16305,Jack Flaherty
30,3/23,17500,16900,Jack Flaherty
31,3/22,18500,17401,Jack Flaherty
32,3/21,18172,15500,Jack Flaherty
33,3/20,16950,15551,Jack Flaherty
34,3/19,19185,17850,Jack Flaherty
35,3/18,15499,15450,Jack Flaherty
0,4/22,9955,8560,JT Realmuto
1,4/21,10964,9550,JT Realmuto
2,4/20,10822,9906,JT Realmuto
3,4/19,10995,9600,JT Realmuto
4,4/18,10000,9520,JT Realmuto
5,4/17,10000,9000,JT Realmuto
6,4/16,10000,8870,JT Realmuto
7,4/15,10318,8556,JT Realmuto
8,4/14,11551,10550,JT Realmuto
9,4/13,11850,10253,JT Realmuto
10,4/12,11581,10003,JT Realmuto
11,4/11,10000,9001,JT Realmuto
12,4/10,11469,10250,JT Realmuto
13,4/09,11050,10001,JT Realmuto
14,4/08,11555,10560,JT Realmuto
15,4/07,11200,10017,JT Realmuto
16,4/06,11998,11325,JT Realmuto
17,4/05,12500,10611,JT Realmuto
18,4/04,12215,11000,JT Realmuto
19,4/03,11455,10000,JT Realmuto
20,4/02,10500,9811,JT Realmuto
21,4/01,10495,9700,JT Realmuto
22,3/31,12398,10358,JT Realmuto
23,3/30,12158,11099,JT Realmuto
24,3/29,13040,12500,JT Realmuto
25,3/28,11500,10399,JT Realmuto
26,3/27,13499,11661,JT Realmuto
27,3/26,12750,10715,JT Realmuto
28,3/25,12400,12000,JT Realmuto
29,3/24,13850,12105,JT Realmuto
30,3/23,14100,12608,JT Realmuto
31,3/22,14400,12580,JT Realmuto
32,3/21,13500,11812,JT Realmuto
33,3/20,14193,11751,JT Realmuto
34,3/19,15394,13130,JT Realmuto
35,3/18,14225,12891,JT Realmuto
0,4/22,13760,12400,Bryce Harper
1,4/21,14843,13502,Bryce Harper
2,4/20,14590,12802,Bryce Harper
3,4/19,16281,13602,Bryce Harper
4,4/18,13600,12500,Bryce Harper
5,4/17,14989,13261,Bryce Harper
6,4/16,14750,13050,Bryce Harper
7,4/15,13222,12000,Bryce Harper
8,4/14,15555,13961,Bryce Harper
9,4/13,16692,13900,Bryce Harper
10,4/12,16149,14400,Bryce Harper
11,4/11,14990,13026,Bryce Harper
12,4/10,12799,11997,Bryce Harper
13,4/09,15858,14000,Bryce Harper
14,4/08,16200,14500,Bryce Harper
15,4/07,16895,14750,Bryce Harper
16,4/06,17199,15300,Bryce Harper
17,4/05,18000,17766,Bryce Harper
18,4/04,16725,14700,Bryce Harper
19,4/03,16997,14969,Bryce Harper
20,4/02,16949,14653,Bryce Harper
21,4/01,16600,14751,Bryce Harper
22,3/31,17299,15002,Bryce Harper
23,3/30,17293,16111,Bryce Harper
24,3/29,18539,16399,Bryce Harper
25,3/28,17399,15119,Bryce Harper
26,3/27,19960,17500,Bryce Harper
27,3/26,18500,16872,Bryce Harper
28,3/25,18500,16450,Bryce Harper
29,3/24,18500,17024,Bryce Harper
30,3/23,20298,18400,Bryce Harper
31,3/22,19994,17150,Bryce Harper
32,3/21,21100,18752,Bryce Harper
33,3/20,21390,18466,Bryce Harper
34,3/19,21780,20000,Bryce Harper
35,3/18,21648,18906,Bryce Harper
0,4/22,9500,8350,Trevor Story
1,4/21,11171,9518,Trevor Story
2,4/20,11949,10963,Trevor Story
3,4/19,11770,9652,Trevor Story
4,4/18,11116,10001,Trevor Story
5,4/17,12133,10650,Trevor Story
6,4/16,11973,9790,Trevor Story
7,4/15,12379,10601,Trevor Story
8,4/14,13667,12300,Trevor Story
9,4/13,13998,12000,Trevor Story
10,4/12,12999,11695,Trevor Story
11,4/11,12654,11000,Trevor Story
12,4/10,13000,11140,Trevor Story
13,4/09,16521,14116,Trevor Story
14,4/08,15498,14000,Trevor Story
15,4/07,15998,14500,Trevor Story
16,4/06,16395,14400,Trevor Story
17,4/05,17990,15510,Trevor Story
18,4/04,14700,12502,Trevor Story
19,4/03,15389,13511,Trevor Story
20,4/02,16111,14200,Trevor Story
21,4/01,14900,13500,Trevor Story
22,3/31,16390,14339,Trevor Story
23,3/30,17100,17000,Trevor Story
24,3/29,18230,17601,Trevor Story
25,3/28,17954,15257,Trevor Story
26,3/27,17774,15100,Trevor Story
27,3/26,18239,16269,Trevor Story
28,3/25,17818,15700,Trevor Story
29,3/24,18835,16601,Trevor Story
30,3/23,18300,16255,Trevor Story
31,3/22,20000,17907,Trevor Story
32,3/21,21111,17995,Trevor Story
33,3/20,21944,18889,Trevor Story
34,3/19,20950,20000,Trevor Story
35,3/18,20222,18000,Trevor Story
0,4/22,7730,6551,Clayton Kershaw
1,4/21,7800,6866,Clayton Kershaw
2,4/20,7399,6951,Clayton Kershaw
3,4/19,7400,6800,Clayton Kershaw
4,4/18,7869,6832,Clayton Kershaw
5,4/17,8390,7300,Clayton Kershaw
6,4/16,8000,6920,Clayton Kershaw
7,4/15,7700,6650,Clayton Kershaw
8,4/14,8887,7560,Clayton Kershaw
9,4/13,8885,7602,Clayton Kershaw
10,4/12,7800,7015,Clayton Kershaw
11,4/11,8185,7100,Clayton Kershaw
12,4/10,8199,7696,Clayton Kershaw
13,4/09,10443,9105,Clayton Kershaw
14,4/08,10098,8795,Clayton Kershaw
15,4/07,11168,9420,Clayton Kershaw
16,4/06,9950,9003,Clayton Kershaw
17,4/05,11878,10002,Clayton Kershaw
18,4/04,9999,8590,Clayton Kershaw
19,4/03,10998,9406,Clayton Kershaw
20,4/02,10477,9352,Clayton Kershaw
21,4/01,10225,8912,Clayton Kershaw
22,3/31,11000,9511,Clayton Kershaw
23,3/30,11400,10023,Clayton Kershaw
24,3/29,11689,10105,Clayton Kershaw
25,3/28,11198,9952,Clayton Kershaw
26,3/27,11919,10027,Clayton Kershaw
27,3/26,12121,10210,Clayton Kershaw
28,3/25,11495,10065,Clayton Kershaw
29,3/24,12348,10851,Clayton Kershaw
30,3/23,12095,10999,Clayton Kershaw
31,3/22,12650,12000,Clayton Kershaw
32,3/21,12899,10963,Clayton Kershaw
33,3/20,12940,11700,Clayton Kershaw
34,3/19,13860,12555,Clayton Kershaw
35,3/18,12998,11000,Clayton Kershaw
0,4/22,7950,6806,George Springer
1,4/21,8695,7331,George Springer
2,4/20,8779,7452,George Springer
3,4/19,8285,7100,George Springer
4,4/18,8250,7000,George Springer
5,4/17,8797,7582,George Springer
6,4/16,8610,7355,George Springer
7,4/15,7699,6772,George Springer
8,4/14,9000,7701,George Springer
9,4/13,8988,7750,George Springer
10,4/12,8988,8028,George Springer
11,4/11,8740,7299,George Springer
12,4/10,8350,7186,George Springer
13,4/09,10380,8905,George Springer
14,4/08,9999,8044,George Springer
15,4/07,11750,9867,George Springer
16,4/06,11245,10000,George Springer
17,4/05,10997,9855,George Springer
18,4/04,9800,8706,George Springer
19,4/03,10886,9700,George Springer
20,4/02,10882,9500,George Springer
21,4/01,10667,9053,George Springer
22,3/31,11400,9826,George Springer
23,3/30,11897,10500,George Springer
24,3/29,11900,10500,George Springer
25,3/28,12030,10100,George Springer
26,3/27,12500,10600,George Springer
27,3/26,12679,10901,George Springer
28,3/25,13000,11500,George Springer
29,3/24,13350,11886,George Springer
30,3/23,13450,12000,George Springer
31,3/22,14180,12300,George Springer
32,3/21,13800,13000,George Springer
33,3/20,13699,11701,George Springer
34,3/19,14650,12455,George Springer
35,3/18,15222,13500,George Springer
0,4/22,8855,7627,Jose Altuve
1,4/21,10000,8880,Jose Altuve
2,4/20,10388,8127,Jose Altuve
3,4/19,9759,8353,Jose Altuve
4,4/18,9020,7765,Jose Altuve
5,4/17,9174,8000,Jose Altuve
6,4/16,9798,8425,Jose Altuve
7,4/15,9252,8027,Jose Altuve
8,4/14,10720,9245,Jose Altuve
9,4/13,10948,9302,Jose Altuve
10,4/12,9999,8650,Jose Altuve
11,4/11,9333,8500,Jose Altuve
12,4/10,10650,8750,Jose Altuve
13,4/09,12750,11900,Jose Altuve
14,4/08,13061,11270,Jose Altuve
15,4/07,12700,10963,Jose Altuve
16,4/06,13000,11268,Jose Altuve
17,4/05,13330,11415,Jose Altuve
18,4/04,12699,10515,Jose Altuve
19,4/03,13418,11650,Jose Altuve
20,4/02,12988,10816,Jose Altuve
21,4/01,12996,11250,Jose Altuve
22,3/31,13744,11922,Jose Altuve
23,3/30,13844,11276,Jose Altuve
24,3/29,14500,12600,Jose Altuve
25,3/28,13327,11025,Jose Altuve
26,3/27,14998,13365,Jose Altuve
27,3/26,16245,14012,Jose Altuve
28,3/25,15345,13176,Jose Altuve
29,3/24,15250,13777,Jose Altuve
30,3/23,16332,14508,Jose Altuve
31,3/22,15997,14200,Jose Altuve
32,3/21,15900,14106,Jose Altuve
33,3/20,16855,14601,Jose Altuve
34,3/19,18450,15609,Jose Altuve
35,3/18,16666,14356,Jose Altuve
